appointment_id,patient_id,doctor_id,appointment_date,status,duration_minutes
1,14,3,2025/04/25 16:46,no-show,0
2,17,4,2025/04/23 11:49,completed,35
3,16,3,2025/04/18 5:38,completed,48
4,6,3,2025/03/25 7:34,completed,17
5,13,5,2025/04/26 20:21,completed,59
6,19,3,2025/05/01 17:21,completed,32
7,16,5,2025/03/01 20:36,no-show,0
8,6,4,2025/03/24 1:05,completed,24
9,17,3,2025/04/29 5:12,completed,30
10,15,5,2025/03/24 17:51,completed,32
11,8,4,2025/03/20 6:20,completed,50
12,14,3,2025/02/25 8:49,completed,13
13,1,2,2025/02/16 15:40,completed,23
14,6,4,2025/03/21 19:34,cancelled,0
15,20,1,2025/03/20 7:11,cancelled,0
16,1,2,2025/02/13 20:14,no-show,0
17,11,5,2025/02/16 1:04,completed,22
18,17,2,2025/03/07 16:07,completed,58
19,12,4,2025/03/04 16:02,completed,32
20,11,2,2025/03/23 6:45,completed,27
21,5,4,2025/04/22 21:59,completed,12
22,6,1,2025/02/13 13:03,completed,28
23,15,4,2025/05/08 17:48,cancelled,0
24,5,1,2025/04/24 0:22,completed,15
25,7,4,2025/04/07 22:36,no-show,0
26,19,5,2025/02/20 4:41,completed,20
27,7,3,2025/03/08 19:13,completed,27
28,12,5,2025/04/13 9:46,cancelled,0
29,20,2,2025/05/07 6:29,completed,21
30,7,4,2025/02/25 4:03,completed,44
31,5,3,2025/02/27 5:41,completed,51
32,4,2,2025/04/08 16:31,completed,51
33,1,4,2025/04/06 9:25,completed,32
34,1,1,2025/02/11 23:50,no-show,0
35,11,2,2025/04/07 22:17,completed,59
36,1,5,2025/04/23 6:29,completed,54
37,14,1,2025/04/08 12:45,no-show,0
38,5,2,2025/03/31 23:16,completed,44
39,20,3,2025/03/17 21:16,completed,28
40,9,4,2025/04/18 14:27,completed,21
41,14,2,2025/02/22 9:09,completed,29
42,5,1,2025/03/29 0:54,no-show,0
43,19,1,2025/03/14 20:53,cancelled,0
44,10,5,2025/02/25 1:03,cancelled,0
45,16,3,2025/05/02 3:15,completed,48
46,13,2,2025/04/08 0:51,completed,38
47,14,1,2025/03/28 21:48,completed,41
48,14,5,2025/05/05 13:15,cancelled,0
49,8,3,2025/04/04 14:32,no-show,0
50,1,4,2025/04/14 6:08,no-show,0
